user_id,post_id,timestamp
10,post33,1750626827.0233698
2,post9,1750626827.0233698
8,post52,1750626827.0233698
2,post62,1750626827.0233698
10,post15,1750626827.0233698
3,post50,1750626827.0233698
2,post11,1750626827.0233698
9,post41,1750626827.0233698
6,post26,1750626827.0233698
9,post4,1750626827.0233698
9,post33,1750626827.0233698
9,post69,1750626827.0233698
8,post49,1750626827.0233698
7,post3,1750626827.0233698
6,post23,1750626827.0233698
6,post59,1750626827.0241036
3,post16,1750626827.0241036
9,post79,1750626827.0241036
4,post26,1750626827.0241036
4,post71,1750626827.0241036
8,post17,1750626827.0241036
7,post33,1750626827.0241036
10,post61,1750626827.0241036
6,post76,1750626827.0241036
7,post78,1750626827.0241036
1,post20,1750626827.0241036
6,post40,1750626827.0241036
7,post54,1750626827.0241036
3,post32,1750626827.0241036
10,post20,1750626827.0241036
8,post26,1750626827.0241036
9,post5,1750626827.0241036
10,post53,1750626827.0241036
1,post86,1750626827.0241036
1,post87,1750626827.0241036
9,post13,1750626827.0241036
8,post70,1750626827.0241036
2,post85,1750626827.0241036
2,post45,1750626827.0241036
7,post19,1750626827.0241036
9,post57,1750626827.0241036
2,post16,1750626827.0241036
9,post14,1750626827.0241036
2,post100,1750626827.0241036
2,post38,1750626827.0241036
3,post77,1750626827.0241036
1,post72,1750626827.0241036
10,post55,1750626827.0241036
1,post26,1750626827.0241036
4,post76,1750626827.0241036
4,post49,1750626827.0241036
10,post35,1750626827.0241036
8,post36,1750626827.0241036
9,post97,1750626827.0241036
7,post16,1750626827.0241036
5,post84,1750626827.0241036
3,post85,1750626827.0241036
4,post37,1750626827.0241036
7,post23,1750626827.0241036
10,post12,1750626827.0241036
1,post43,1750626827.0241036
10,post66,1750626827.0241036
3,post27,1750626827.0241036
1,post19,1750626827.0241036
8,post86,1750626827.0241036
10,post73,1750626827.0241036
3,post62,1750626827.0241036
3,post59,1750626827.0241036
1,post81,1750626827.0241036
2,post42,1750626827.0241036
6,post77,1750626827.0241036
4,post45,1750626827.0241036
7,post72,1750626827.0241036
3,post7,1750626827.0241036
5,post70,1750626827.0241036
7,post17,1750626827.0241036
6,post85,1750626827.0241036
6,post66,1750626827.0241036
7,post63,1750626827.0241036
2,post1,1750626827.0241036
9,post90,1750626827.0241036
3,post24,1750626827.0241036
7,post67,1750626827.0241036
6,post37,1750626827.0241036
7,post42,1750626827.0241036
4,post84,1750626827.0241036
9,post20,1750626827.0241036
8,post38,1750626827.0241036
3,post38,1750626827.0241036
7,post66,1750626827.0241036
2,post99,1750626827.0241036
9,post25,1750626827.0241036
1,post14,1750626827.0241036
3,post67,1750626827.0241036
4,post15,1750626827.0241036
3,post94,1750626827.0241036
8,post4,1750626827.0241036
9,post80,1750626827.0241036
